[
  [
    {
      "id": 0
    },
    {
      "total": "20"
    },
    {
      "datum": "2023-10-15 8:44:38 PM"
    }
  ],
  [
    {
      "id": 1
    },
    {
      "total": "90"
    },
    {
      "datum": "2023-10-15 8:44:53 PM"
    }
  ],
  [
    {
      "id": 2
    },
    {
      "total": "20"
    },
    {
      "datum": "2023-10-15 8:50:02 PM"
    }
  ],
  [
    {
      "id": 3
    },
    {
      "total": "90"
    },
    {
      "datum": "2023-10-17 6:32:55 PM"
    }
  ],
  [
    {
      "id": 4
    },
    {
      "total": "70"
    },
    {
      "datum": "2023-10-18 11:43:17 AM"
    }
  ]
]