{
  "userid1": {
    "type": "admin",
    "totalproduct": {
      "Amumu Picture": {
        "productnaam": "Amumu Picture",
        "UserProductid": "12",
        "prijs": 20,
        "afzet": 0
      },
      "moon Picture": {
        "productnaam": "moon Picture",
        "UserProductid": "34",
        "prijs": 10,
        "afzet": 0
      },
      "high on life": {
        "productnaam": "high on life",
        "UserProductid": "34",
        "prijs": "50",
        "afzet": 0
      },
      "aass": {
        "productnaam": "aass",
        "UserProductid": "34",
        "prijs": "12",
        "afzet": 0
      }
    }
  }
}